<?xml version="1.0" encoding="utf-8" standalone="yes" ?>
<?xml-stylesheet type="text/xsl" href="./modx.prosilver.en.xsl" ?>
<!--
	NOTICE: Please open this file in your web browser. If presented with a security warning, you may safely tell it to allow the blocked content.
-->
<!--For security purposes, please check: http://www.phpbb.com/mods/ for the latest version of this MOD. Although MODs are checked before being allowed in the MODs Database there is no guarantee that there are no security problems within the MOD. No support will be given for MODs not found within the MODs Database which can be found at http://www.phpbb.com/mods/-->
<mod xmlns:xsi="http://www.w3.org/2001/XMLSchema-instance" xmlns="http://www.phpbb.com/mods/xml/modx-1.2.3.xsd">
<header>
	<meta name="generator" content="MODX file generated with PP MODX Creator by tumba25" />
	<license>http://opensource.org/licenses/gpl-license.php GNU General Public License v2</license>
	<title lang="en">AFK Manager Mod</title>
	<description lang="en">The Away From Keyboard (AFK) Manager Mod allows users to toggle their AFK status, submit an AFK reason and an automatic post to a specific forum (defined by admin in the ACP) all from their own supplied AFK Manager UCP module. It will also create an auto responder (out of office) PM if the user is sent a PM whilst they are AFK.</description>
	<author-notes lang="en">List of features included with AFK Manager

User Features:
===============

- AFK Status: On/Off
- AFK Reason: Select from a list the reason for being AFK
- Auto Post Message: If Auto Posting is enabled, custom message will be posted into a forum (defined by Admin) to alert other users as to the users AFK status and reason.
- Reminder on main forum page at the top, to let the user know they have marked their AFK status to on. This is only shown if the user has the required permission to use the UCP.
- AFK status in viewprofile below user rank to let other users know the user is AFK.
- Auto AFK Days: Days since last visit before you are moved to AFK automatically.
- PM Autoresponder: If user is AFK and someone PMs you, an automatic reply is made telling user you are AFK.

Admin Features:
===============

- Admin User ACP Addon: Change users AFK settings from within the ACP.
- Auto Post: If Auto Post is enabled, users custom message will be posted to a forum defined by Auto Post Forum ID setting. If Auto Post is disabled, no message will be posted.
- Auto PM Responder: If enabled a user that is PM'd whilst AFK will receive an automatic reply stating they are AFK.
- Auto Post Forum ID: Select form a list of forums the forum that is to contain the AFK Auto Posts (If Auto Post is enabled)
- Auto Post Topic Icon: Select a topic icon to use with the Auto Post feature.
- Auto Post Reply: If enabled (and Auto Post is enabled), a user toggling their status back from AFK will Auto Post a reply to their Auto Post AFK topic, telling other users they have returned from being AFK. If disabled (and Auto Post is enabled), a user toggling their status back from AFK will post a New Post telling others they have returned from being AFK.
- Auto Post Default: Custom text that admin can define that is the default Auto Post message a user sees in their UCP
- Auto Post Footer: Custom text that admin can define to be appended to the AFK Auto Post.
- AFK User List: A table that shows the current users that have toggled their AFK status, the date they went AFK, how long they have been AFK, their chosen AFK reason and their AFK Auto Post ID (If Auto Post is enabled)
- Permissions are required to use/view AFK Manager UCP module, AFK User List module and AFK Settings module.
- User AFK Viewtopic: If a user is marked as AFK, enabling this option this will show 'User Is Currently AFK' when viewing a forum topic that the user has posted in.
- User AFK Viewtopic Reason: Shows the users submitted AFK reason on a topic that you view.
- User AFK Viewtopic Link: Shows a click here link to the users AFK topic if it exists.
- User AFK Viewprofile: If a user is marked as AFK, enabling this option will show 'User Is Currently AFK' when viewing the users profile.
- User AFK Reminder: If a user is marked as AFK, this will show a reminder at the top of the main forum page only to the AFK user.
- AutoAFK Enable: If enabled users that not visited the board in a defined number of days (set in users UCP) will be automatically moved to AFK status.
- AutoAFK Default Days: Overrides the users AutoAFK setting for the AutoAFK days.


Manual Installation:
====================
The installation makes use of UMIL. Follow the instructions in the DIY section, and manually make the required file edits. Then run the /install_afkmanager.php and continue the UMIL portion of the installation.

AutoMOD Installation:
=====================
If you wish to use install using AutoMOD, copy over the mod files to the store/mod folder, run AutoMOD and let it make all the required file copies and file edits. Then point your browser to /install_afkmanager.php and continue the UMIL portion of the installation.</author-notes>
	<author-group>
		<author>
			<realname>-[Nwo]- fearless</realname>
			<username>-[Nwo]- fearless</username>
			<homepage>www.NewWorldOrder.org.uk</homepage>
			<email>fearless@newworldorder.org.uk</email>
		</author>
	</author-group>
	<mod-version>0.3.1</mod-version>
	<installation>
		<level>easy</level>
		<time>900</time>
		<target-version>3.0.5</target-version>
	</installation>
	<link-group>
		<link type="parent" href="http://www.NewWorldOrder.org.uk/downloads/AFK_Manager_Mod.zip" lang="en">Download the latest version of AFK Manager Mod from here</link>
	</link-group>
</header>
<action-group>
	<copy>
		<file from="root/adm/style/acp_afkmanager.html" to="adm/style/acp_afkmanager.html" />
		<file from="root/adm/style/acp_afkmanager_settings.html" to="adm/style/acp_afkmanager_settings.html" />
		<file from="root/includes/acp/acp_afkmanager.php" to="includes/acp/acp_afkmanager.php" />
		<file from="root/includes/acp/info/acp_afkmanager.php" to="includes/acp/info/acp_afkmanager.php" />
		<file from="root/includes/ucp/ucp_afkmanager.php" to="includes/ucp/ucp_afkmanager.php" />
		<file from="root/includes/ucp/info/ucp_afkmanager.php" to="includes/ucp/info/ucp_afkmanager.php" />
		<file from="root/umil/*.*" to="umil/*.*" />
		<file from="root/language/en/mods/afkmanager.php" to="language/en/mods/afkmanager.php" />
		<file from="root/language/en/mods/info_acp_afkmanager.php" to="language/en/mods/info_acp_afkmanager.php" />
		<file from="root/language/en/mods/info_ucp_afkmanager.php" to="language/en/mods/info_ucp_afkmanager.php" />
		<file from="root/language/en/mods/permissions_afkmanager.php" to="language/en/mods/permissions_afkmanager.php" />
		<file from="root/styles/prosilver/template/ucp_afkmanager.html" to="styles/prosilver/template/ucp_afkmanager.html" />
		<file from="root/includes/functions_afkmanager.php" to="includes/functions_afkmanager.php" />
		<file from="root/adm/style/acp_users_afkmanager.html" to="adm/style/acp_users_afkmanager.html" />
		<file from="root/install_afkmanager.php" to="install_afkmanager.php" />
	</copy>
	<open src="index.php">
		<edit>
			<comment lang="en"><![CDATA[This will allow the AutoAFK function to run when a user visits the board. It is set to run once per day. It checks the last visit of all users (that are not currently AFK, have their AutoAFK days > 0 and are not a member of the BOT group) vs the users AutoAFK day setting (or the AutoAFK Default Days setting in the ACP if enabled), if it is greater than that they will be moved to AFK status. Admin can override the default AutoAFK days setting in the ACP.]]></comment>
			<find><![CDATA[// Assign index specific vars
$template->assign_vars(array(]]></find>
			<action type="before-add"><![CDATA[// AFK Manager 
if (isset($config['afkmanager_afk_autoafk']))
{
	global $cache;
	$cache->purge();
	if ($config['afkmanager_afk_autoafk'])
	{
		$check_time = (int) gmdate('mdY',time() + (3600 * ($config['board_timezone'] + $config['board_dst'])));
		if ( $config['afkmanager_afk_autoafk_check'] != $check_time)
		{
			if (!function_exists('afkmanager_autoafk_users'))
			{
				include($phpbb_root_path . 'includes/functions_afkmanager.' . $phpEx);
			}
			afkmanager_autoafk_users();
			set_config('afkmanager_afk_autoafk_check', $check_time);
		}
	}
}	
// AFK Manager ]]></action>
		</edit>
	</open>
	<open src="memberlist.php">
		<edit>
			<comment lang="en"><![CDATA[This will show other users when viewing the members profile that the user is currently marked as AFK with the users AFK reason (If one exists) and the date they were marked as being AFK.]]></comment>
			<find><![CDATA[		$user_id = (int) $member['user_id'];]]></find>
			<action type="after-add"><![CDATA[		// AFK Manager
		$afkstatus = ($config['afkmanager_afk_viewprofile']) ? $member['user_afkstatus'] : false;
		$afkreason = ' | AFK';
		$afkreason .= (!empty($member['user_afkreason'])) ? (' (Reason: ' . '"' . $member['user_afkreason']) . '"' . ')' : '';
		$afkdate = ' (Since: ' . date('Y-m-d',strtotime($member['user_afkdate'])) . ')';
		// AFK Manager]]></action>
		</edit>
		<edit>
			<find><![CDATA[		$page_title = sprintf($user->lang['VIEWING_PROFILE'], $member['username']);]]></find>
			<inline-edit>
				<inline-find><![CDATA[);]]></inline-find>
				<inline-action type="before-add"><![CDATA[ . (($afkstatus) ? $afkreason : '') . (($afkstatus) ? $afkdate : '')]]></inline-action>
			</inline-edit>
		</edit>
	</open>
	<open src="viewtopic.php">
		<edit>
			<comment lang="en"><![CDATA[This will show other users when viewing a topic that the user is currently marked as AFK. The text 'User Is Currently AFK' appears just below the users rank. And if the settings are enabled in the ACP it will also show the users AFK Reason and AFK Topic Link (if one exists)]]></comment>
			<find><![CDATA[	$poster_id = (int) $row['poster_id'];]]></find>
			<action type="after-add"><![CDATA[	// AFK Manager
	$afkstatus = (bool) $config['afkmanager_afk_viewtopic'] ? $row['user_afkstatus'] : false;
	$afktopicid = (int) $row['user_afktopicid'];
	$afkreason = (string) trim($row['user_afkreason']);
	$afkforumid = (int) $config['afkmanager_afk_posting_forumid'];
	// AFK Manager]]></action>
		</edit>
		<edit>
			<find><![CDATA[				'online'			=> false,]]></find>
			<action type="after-add"><![CDATA[				// AFK Manager
				'afkstatus'			=> false,
				'afktopicid'		=> 0,
				'afkreason'			=> '',
				'afkforumid'		=> 0,
				// AFK Manager]]></action>
		</edit>
		<edit>
			<find><![CDATA[				'online'		=> false,]]></find>
			<action type="after-add"><![CDATA[				// AFK Manager
				'afkstatus'		=> $afkstatus,
				'afktopicid'	=> $afktopicid,
				'afkreason'		=> $afkreason,
				'afkforumid'	=> $afkforumid,
				// AFK Manager	]]></action>
		</edit>
		<edit>
			<find><![CDATA[		'S_ONLINE'				=> ($poster_id == ANONYMOUS || !$config['load_onlinetrack']) ? false : (($user_cache[$poster_id]['online']) ? true : false),]]></find>
			<action type="after-add"><![CDATA[		// AFK Manager
		'S_AFKSTATUS'			=> $user_cache[$poster_id]['afkstatus'] ? true : false,
		'S_AFKREASON'			=> $config['afkmanager_afk_viewtopic_reason'] ? true : false,
		'S_AFKTOPIC'			=> ($config['afkmanager_afk_viewtopic_link'] && $user_cache[$poster_id]['afktopicid'] != 0 && !empty($user_cache[$poster_id]['afkreason']) ) ? true : false,
		'AFKREASON'				=> !empty($user_cache[$poster_id]['afkreason']) ? $user_cache[$poster_id]['afkreason'] : '',
		'U_AFKTOPIC'			=> append_sid("{$phpbb_root_path}viewtopic.$phpEx", "f=$afkforumid&amp;t={$user_cache[$poster_id]['afktopicid']}"),
		// AFK Manager]]></action>
		</edit>
	</open>
	<open src="adm/style/acp_users.html">
		<edit>
			<find><![CDATA[	<!-- INCLUDE permission_mask.html -->]]></find>
			<action type="after-add"><![CDATA[<!-- ELSEIF S_AFKMANAGER -->

<!-- INCLUDE acp_users_afkmanager.html -->]]></action>
		</edit>
	</open>
	<open src="includes/functions.php">
		<edit>
			<comment lang="en"><![CDATA[This will remind the user on the main forum index page at the top, that they have set their AFK status to On. It will offer them a link to go straight to the AFK Manager UCP to change this status if they wish.]]></comment>
			<find><![CDATA[		if ($user->data['user_unread_privmsg'] && $user->data['user_unread_privmsg'] != $user->data['user_new_privmsg'])
		{
			$l_message_unread = ($user->data['user_unread_privmsg'] == 1) ? $user->lang['UNREAD_PM'] : $user->lang['UNREAD_PMS'];
			$l_privmsgs_text_unread = sprintf($l_message_unread, $user->data['user_unread_privmsg']);
		}
	}
]]></find>
			<action type="after-add"><![CDATA[	// AFK Manager Mod
	$afkstatus = ($config['afkmanager_afk_reminder_board'] && $auth->acl_get('u_afk_view')) ? $user->data['user_afkstatus'] : false;
	// AFK Manager Mod]]></action>
		</edit>
		<edit>
			<find><![CDATA[		'PRIVATE_MESSAGE_INFO_UNREAD'	=> $l_privmsgs_text_unread,]]></find>
			<action type="after-add"><![CDATA[		// AFK Manager Mod
		'S_AFKSTATUS'					=> $afkstatus,
		// AFK Manager Mod]]></action>
		</edit>
		<edit>
			<find><![CDATA[		'U_MODCP'				=> append_sid("{$phpbb_root_path}mcp.$phpEx", false, true, $user->session_id),]]></find>
			<action type="after-add"><![CDATA[		'U_AFKMANAGER'			=> append_sid("{$phpbb_root_path}ucp.$phpEx", 'i=afkmanager&amp;mode=afkstatus'),]]></action>
		</edit>
	</open>
	<open src="includes/functions_privmsgs.php">
		<edit>
			<comment lang="en"><![CDATA[This will enable the auto response to a PM submitted to a user that is currently AFK.]]></comment>
			<find><![CDATA[		if ($space_taken && $files_added)
		{
			set_config_count('upload_dir_size', $space_taken, true);
			set_config_count('num_files', $files_added, true);
		}
	}]]></find>
			<action type="after-add"><![CDATA[	// AFK Manager
	if (isset($config['afkmanager_afk_pmmsg_enable']))
	{
		if ($config['afkmanager_afk_pmmsg_enable'])
		{
			foreach ($recipients as $user_id => $type)
			{	
				$afkstatus = false;
				$afkreason = '';
				$afkpmmsg = '';
					
				$sqlafk = 'SELECT user_id, user_afkstatus, user_afkreason, user_afkpmmsg
					FROM ' . USERS_TABLE . ' 
					WHERE user_id = ' . $user_id ;
				$result_afkuser = $db->sql_query($sqlafk);
					
				while ($row_afkuser = $db->sql_fetchrow($result_afkuser))
				{
					$afkstatus = $row_afkuser['user_afkstatus'];
					$afkreason = (!empty($row_afkuser['user_afkreason'])) ? $row_afkuser['user_afkreason'] : 'I am currently AFK';
					$afkpmmsg = (!empty($row_afkuser['user_afkpmmsg'])) ? $row_afkuser['user_afkpmmsg'] : (!empty($config['afkmanager_afk_posting_default']) ? $config['afkmanager_afk_posting_default'] : 'My status is marked as Away From Keyboard (AFK) at the moment. Any PMs sent to me in the meantime wont be read until my return.');
				}
					
				if ($afkstatus)
				{
					// Create pm msg
					$sql_afkdata = array(
						'root_level'		=> $root_level,
						'author_id'			=> $user_id,
						'icon_id'			=> 0,
						'author_ip'			=> '',
						'message_time'		=> $current_time,
						//'enable_bbcode'		=> $data['enable_bbcode'],
						//'enable_smilies'	=> $data['enable_smilies'],
						//'enable_magic_url'	=> $data['enable_urls'],
						//'enable_sig'		=> $data['enable_sig'],
						'message_subject'	=> 'AFK: ' . $afkreason,
						'message_text'		=> $afkpmmsg,
						'to_address'		=> '',
						'bcc_address'		=> '',
						'message_attachment'=> 0,
						//'bbcode_bitfield'	=> $data['bbcode_bitfield'],
						//'bbcode_uid'		=> $data['bbcode_uid']
					);	
					$db->sql_query('INSERT INTO ' . PRIVMSGS_TABLE . ' ' . $db->sql_build_array('INSERT', $sql_afkdata));
					$afkmsg_id = $db->sql_nextid();
					
					// Create pm to
					$sql_afkpmto = array(
						'msg_id'		=> (int) $afkmsg_id,
						'user_id'		=> (int) $data['from_user_id'],
						'author_id'		=> (int) $user_id,
						'folder_id'		=> PRIVMSGS_INBOX,
						'pm_new'		=> 1,
						'pm_unread'		=> 1,
						'pm_forwarded'	=> 0,
					);
					$db->sql_query('INSERT INTO ' . PRIVMSGS_TO_TABLE . ' ' . $db->sql_build_array('INSERT', $sql_afkpmto));
				
					// Update msg count
					$sqlafk = 'UPDATE ' . USERS_TABLE . '
						SET user_new_privmsg = user_new_privmsg + 1, user_unread_privmsg = user_unread_privmsg + 1, user_last_privmsg = ' . time() . '
						WHERE user_id=' . $data['from_user_id'];
					$db->sql_query($sqlafk);				
				}
			}	
		}
	}	
	// AFK Manager		]]></action>
		</edit>
	</open>
	<open src="includes/acp/acp_users.php">
		<edit>
			<comment lang="en"><![CDATA[Adds an AFK Manager module to the Administer User page which can be quickly accessed by clicking a users name in the AFK Manager AFK User List.]]></comment>
			<find><![CDATA[				$template->assign_vars(array(
					'S_PERMISSIONS'				=> true,

					'S_GLOBAL'					=> (!$forum_id) ? true : false,
					'S_FORUM_OPTIONS'			=> $s_forum_options,

					'U_ACTION'					=> $this->u_action . '&amp;u=' . $user_id,
					'U_USER_PERMISSIONS'		=> append_sid("{$phpbb_admin_path}index.$phpEx" ,'i=permissions&amp;mode=setting_user_global&amp;user_id[]=' . $user_id),
					'U_USER_FORUM_PERMISSIONS'	=> append_sid("{$phpbb_admin_path}index.$phpEx", 'i=permissions&amp;mode=setting_user_local&amp;user_id[]=' . $user_id))
				);

			break;]]></find>
			<action type="after-add"><![CDATA[			// AFK Manager Mod
			case 'afkmanager':
				
				// Add our language file
				$user->add_lang(array('mods/afkmanager'));

				// Retrieve vars from form or from user table current row and set some vars ourself		
				$afkstatus = request_var('afkstatus', $user_row['user_afkstatus']);
				$afkdate = request_var('afkdate', ((!is_null($user_row['user_afkdate']) && !empty($user_row['user_afkdate']) ? $user_row['user_afkdate'] : date('Y-m-d H:i:s'))));
				$afkpmmsg = '';
				$afktopicid = $user_row['user_afktopicid'];
				$afkreason = request_var('afkreason', (!is_null($user_row['user_afkreason']) ? $user_row['user_afkreason'] : ''));
				$afkreasoncategory = request_var('afkreasoncategoryselect', $user_row['user_afkreasoncat']);

				// Validate date input
				$date_format = 'Y-m-d H:i:s';
				$input = $afkdate;
				$input = trim($input);
				$time = strtotime($input);
				$isafkdatevalid = date($date_format, $time) == $input;
				
				// if it is wrong we just set date to today
				if (!$isafkdatevalid)
				{
					$afkdate = date('Y-m-d H:i:s');
				}
				
				$data = array(
					'afkstatus'			=> $afkstatus,
					'afkdate'			=> $afkdate,
					'afkpmmsg'			=> $afkpmmsg,
					'afktopicid'		=> $afktopicid,
					'afkreason'			=> $afkreason,
					'afkreasoncategory' => $afkreasoncategory,
				);
				
				// Create the array of afk reasons. ToDo: SQL Table to replace array?
				$afkreasoncategoriesarray = array(
					'0'		=>	' ', 
					'1'		=>	'Holiday', 
					'2'		=>	'School/College/University', 
					'3'		=>	'Illness/Injury',
					'4'		=>	'Family Matter',
					'5'		=>	'Real Life Issues', 
					'6'		=>	'Work/Training', 
					'7'		=>	'Party/Celebration',
					'8'		=>	'Night Out/Social Event',
					'9'		=>	'Marriage/Engagement',
					'10'	=>	'Internet/Computer Problem',
					'11'	=>	'Inactive',		
					'99'	=>	'AutoAFK',
				);					
				
				if ($submit)
				{
					if (!check_form_key($form_name))
					{
						trigger_error($user->lang['FORM_INVALID'] . adm_back_link($this->u_action . '&amp;u=' . $user_id), E_USER_WARNING);
					}

					$sql_ary = array(
						'user_afkstatus'	=> $data['afkstatus'],
						'user_afkdate'		=> $data['afkdate'],
						'user_afkpmmsg'		=> $data['afkpmmsg'],
						'user_afktopicid'	=> $data['afktopicid'],
						'user_afkreason'	=> $data['afkreason'],
						'user_afkreasoncat'	=> $data['afkreasoncategory'],
					);
						
					$sql = 'UPDATE ' . USERS_TABLE . '
						SET ' . $db->sql_build_array('UPDATE', $sql_ary) . "
						WHERE user_id = $user_id";
					$db->sql_query($sql);
					
					add_log('admin', 'LOG_ADMIN_AFK_STATUS', $afkstatus ? 'AFK' : 'Not AFK', $user->data['username']);

					trigger_error($user->lang['ACP_USER_AFKSTATUS_UPDATED'] . adm_back_link($this->u_action . '&amp;u=' . $user_id));
				}

				// Build afk reasons select options
				$afkreasons_options = '';
				foreach ($afkreasoncategoriesarray as $field=>$value) 
				{
					if ($field == $afkreasoncategory)
					{
						$afkreasons_options .= '<option selected value="' . $field . '">' . $value . '</option>\n';
					}
					else
					{
						$afkreasons_options .= '<option value="' . $field . '">' . $value . '</option>\n';
					}
				}				

				$template->assign_vars(array(
					'S_AFKMANAGER'			=> true,
					'AFKSTATUS'				=> $afkstatus,
					'AFKDATE'				=> $afkdate,
					'S_AFKDATEVALID'		=> $isafkdatevalid,
					'AFKREASON'				=> $afkreason,
					'AFKREASONCATEGROIES'	=> $afkreasons_options,
					
				));

			break;
			// AFK Manager Mod]]></action>
		</edit>
	</open>
	<open src="includes/acp/info/acp_users.php">
		<edit>
			<comment lang="en"><![CDATA[Enables the User AFK Setting module found in the User Administration dropdown module select box.]]></comment>
			<find><![CDATA[				'attach'		=> array('title' => 'ACP_USER_ATTACH', 'auth' => 'acl_a_user', 'display' => false, 'cat' => array('ACP_CAT_USERS')),]]></find>
			<action type="after-add"><![CDATA[				'afkmanager'	=> array('title' => 'ACP_USER_AFKMANAGER', 'auth' => 'acl_a_user', 'display' => false, 'cat' => array('ACP_CAT_USERS')),]]></action>
		</edit>
	</open>
	<open src="includes/ucp/ucp_register.php">
		<edit>
			<comment lang="en"><![CDATA[Fix for user_afkpmmsg TEXT field having no default value. Without fix, new users registering will see an mysql error.]]></comment>
			<find><![CDATA[					'user_inactive_time'	=> $user_inactive_time,]]></find>
			<action type="after-add"><![CDATA[					// AFK Manager Mod
					'user_afkpmmsg'			=> '',
					// AFK Manager Mod]]></action>
		</edit>
	</open>
	<open src="language/en/acp/common.php">
		<edit>
			<comment lang="en"><![CDATA[This edit is required to allow log entries in the admin ACP when a user changes their AFK status.]]></comment>
			<find><![CDATA[));

?>]]></find>
			<action type="before-add"><![CDATA[	// AFK Manager Mod
	'LOG_USER_AFK_STATUS'		=> '<strong>User AFK status changed to: %1$s</strong><br />» %2$s',
	'LOG_ADMIN_AFK_STATUS'		=> '<strong>Admin changed users AFK status to: %1$s</strong><br />» %2$s',
	// AFK Manager Mod]]></action>
		</edit>
	</open>
	<open src="styles/prosilver/template/index_body.html">
		<edit>
			<comment lang="en"><![CDATA[This will remind the user on the main forum index page at the top, that they have set their AFK status to On. It will offer them a link to go straight to the AFK Manager UCP to change this status if they wish.]]></comment>
			<find><![CDATA[<!-- IF U_MCP --><p>{CURRENT_TIME} <br />[&nbsp;<a href="{U_MCP}">{L_MCP}</a>&nbsp;]</p><!-- ELSEIF S_USER_LOGGED_IN --><p>{CURRENT_TIME}</p><!-- ENDIF -->]]></find>
			<action type="after-add"><![CDATA[<!-- IF S_AFKSTATUS --><p align=center><strong>You Are Currently Marked As AFK. To Change Your AFK Status <a href="{U_AFKMANAGER}"><em>Click Here</em></a></strong></p><!-- ENDIF -->]]></action>
		</edit>
	</open>
	<open src="styles/prosilver/template/viewtopic_body.html">
		<edit>
			<comment lang="en"><![CDATA[This will show other users when viewing a topic that the user is currently marked as AFK. The text 'User Is Currently AFK' appears just below the users rank. And if the settings are enabled in the ACP it will also show the users AFK Reason and AFK Topic Link (if one exists)]]></comment>
			<find><![CDATA[			<!-- IF postrow.RANK_TITLE or postrow.RANK_IMG --><dd>{postrow.RANK_TITLE}<!-- IF postrow.RANK_TITLE and postrow.RANK_IMG --><br /><!-- ENDIF -->{postrow.RANK_IMG}</dd><!-- ENDIF -->]]></find>
			<action type="after-add"><![CDATA[			<!-- IF postrow.S_AFKSTATUS --><dd><strong>User Is Currently AFK</strong><br /><!-- IF postrow.S_AFKREASON --><strong>AFK Reason:</strong> {postrow.AFKREASON}<br /><!-- ENDIF --><!-- IF postrow.S_AFKTOPIC --><strong>AFK Topic: </strong><a href="{postrow.U_AFKTOPIC}">Click Here</a><br /><!-- ENDIF --></dd><!-- ENDIF -->]]></action>
		</edit>
	</open>
	<diy-instructions lang="en">======================================================================================================
Quick Install Guide
======================================================================================================
- Copy over files.
- Disable board.
- Make file edits.
- Go to /install_afkmanager.php and follow instructions to install.
- Purge cache and refresh templates, themes, imagesets.
- Configure AFK Manager settings.
- Assign permissions to users or groups that you want to have access to the UCP module of AFK Manager.
- Assign permissions to users or groups that you want to have access to the ACP modules of AFK Manager
- Enable board.


======================================================================================================
Detailed Installation Guide
======================================================================================================
- Copy over files from your pc to root of your forum via FTP.

- Log on to Administration Control Panel.

- Disable your board:
	- Navigate to General Tab -> Board settings -> Disable board
	- Change to "yes" and submit to save setting and disable board.

- Make required file edits. Save a backup of files before editing if you desire.

- Run UMIL installation:
	- point your browser at this location with the addition of /install_afkmanager.php
	(For example if your domain name is www.mydomain.tld and you placed phpBB3 
	in a directory /phpBB3 off your web root you would enter 
	http://www.mydomain.tld/phpBB3/install_afkmanager.php into your browser.)
	- Follow the instructions for the UMIL portion of the AFK Manager installation.

- Refresh the templates:
	- Navigate to "Styles" Tab.
	- Under "Style components " click on "Templates".
	- Under "Actions" click on "Refresh".
	- in the next screen, click on "Yes" ( Repeat last 2 steps to each installed style ).

- Purge the cache:
	- Navigate to General Tab.
	- 6th button down is for purging the cache.
	- Click on "Run Now" button at right and confirm you wish to purge cache by clicking "Yes".

- Configure AFK Manager settings:
	- .MODS Tab -> AFK Manager Category -> AFK Manager Settings.
	- Adjust settings to your preference and click submit to save changes.

- Assign AFK Manager permissions for users to use UCP AFK Manager module:
	- Permissions Tab -> Groups' Permissions -> Select Group -> Select Type 'User Permissions'
	- Click Advanced Permissions to expand view. Select AFK Manager Tab. 
	- Change 'User Can View The AFK Manager Module' permission to "Yes" to enable.

- Assign AFK Manager permissions for admins/moderators to use ACP AFK Manager modules:
	- Permissions Tab -> Groups' Permissions -> Select Group -> Select Type 'Admin Permissions'
	- Click Advanced Permissions to expand view. Select AFK Manager Tab. 
	- Change 'Admin Can Modify AFK Manager Settings' permission to "Yes" to enable.
	- Change 'Admin Can View The AFK List' permission to 'yes' to enable.

- Enable your board:
	- Navigate to General Tab -> Board settings -> Disable board
	- Change to "no" and submit to save setting and enable board.

- Start Using AFK Manager.</diy-instructions>
</action-group>
</mod>
